Name,Gene(s),Protein change,Condition(s),Accession,GRCh37Chromosome,GRCh37Location,GRCh38Chromosome,GRCh38Location,VariationID,AlleleID(s),dbSNP ID,Canonical SPDI,Variant type,Molecular consequence,Germline classification,Germline date last evaluated,Germline review status,Somatic clinical impact,Somatic clinical impact date last evaluated,Somatic clinical impact review status,Oncogenicity classification,Oncogenicity date last evaluated,Oncogenicity review status
NM_000454.5(SOD1):c.8C>T (p.Thr3Met),SOD1|SOD1-DT,T3M,SOD1-related disorder,VCV003348663,21,33032090,21,31659777,3348663,3507892,,NC_000021.9:31659776:C:T,single nucleotide variant,non-coding transcript variant|missense variant,Uncertain significance,12-Feb-24,no assertion criteria provided,,,,,,
NM_000454.5(SOD1):c.10A>G (p.Lys4Glu),SOD1|SOD1-DT,K4E,Amyotrophic lateral sclerosis type 1|not provided,VCV002138372,21,33032092,21,31659779,2138372,1868527,,NC_000021.9:31659778:A:G,single nucleotide variant,missense variant,Pathogenic,14-Jul-23,"criteria provided, multiple submitters, no conflicts",,,,,,
NM_000454.5(SOD1):c.13G>T (p.Ala5Ser),SOD1|SOD1-DT,A5S,Amyotrophic lateral sclerosis type 1,VCV000873321,21,33032095,21,31659782,873321,861427,rs121912444,NC_000021.9:31659781:G:T,single nucleotide variant,missense variant,Pathogenic,22-Jul-21,"criteria provided, multiple submitters, no conflicts",,,,,,
NM_000454.5(SOD1):c.13G>A (p.Ala5Thr),SOD1|SOD1-DT,A5T,Amyotrophic lateral sclerosis type 1|not provided,VCV000014765,21,33032095,21,31659782,14765,29804,rs121912444,NC_000021.9:31659781:G:A,single nucleotide variant,missense variant,Pathogenic,23-Nov-22,"criteria provided, multiple submitters, no conflicts",,,,,,
NM_000454.5(SOD1):c.14C>T (p.Ala5Val),SOD1|SOD1-DT,A5V,not provided|Amyotrophic lateral sclerosis type 1,VCV000014763,21,33032096,21,31659783,14763,29802,rs121912442,NC_000021.9:31659782:C:T,single nucleotide variant,missense variant,Pathogenic,29-Jan-24,"criteria provided, multiple submitters, no conflicts",,,,,,
NM_000454.5(SOD1):c.16G>A (p.Val6Met),SOD1|SOD1-DT,V6M,Amyotrophic lateral sclerosis type 1,VCV001926438,21,33032098,21,31659785,1926438,1980587,,NC_000021.9:31659784:G:A,single nucleotide variant,missense variant,Uncertain significance,26-May-22,"criteria provided, single submitter",,,,,,
NM_000454.5(SOD1):c.17T>C (p.Val6Ala),SOD1|SOD1-DT,V6A,Amyotrophic lateral sclerosis type 1,VCV001391413,21,33032099,21,31659786,1391413,1390093,rs2123427988,NC_000021.9:31659785:T:C,single nucleotide variant,missense variant,Uncertain significance,28-Aug-21,"criteria provided, single submitter",,,,,,
NM_000454.5(SOD1):c.19T>G (p.Cys7Gly),SOD1|SOD1-DT,C7G,Amyotrophic lateral sclerosis type 1,VCV001500897,21,33032101,21,31659788,1500897,1501819,rs1312702973,NC_000021.9:31659787:T:G,single nucleotide variant,missense variant,Likely pathogenic,31-Oct-21,"criteria provided, single submitter",,,,,,
NM_000454.5(SOD1):c.19T>A (p.Cys7Ser),SOD1|SOD1-DT,C7S,Amyotrophic lateral sclerosis type 1,VCV001500887,21,33032101,21,31659788,1500887,1501809,rs1312702973,NC_000021.9:31659787:T:A,single nucleotide variant,missense variant,Pathogenic,14-Nov-23,"criteria provided, single submitter",,,,,,
NM_000454.5(SOD1):c.20G>T (p.Cys7Phe),SOD1|SOD1-DT,C7F,Amyotrophic lateral sclerosis type 1,VCV000014771,21,33032102,21,31659789,14771,29810,rs121912448,NC_000021.9:31659788:G:T,single nucleotide variant,missense variant,Pathogenic,23-Feb-96,no assertion criteria provided,,,,,,
NM_000454.5(SOD1):c.25C>G (p.Leu9Val),SOD1|SOD1-DT,L9V,Amyotrophic lateral sclerosis type 1,VCV001409977,21,33032107,21,31659794,1409977,1435232,rs1568807333,NC_000021.9:31659793:C:G,single nucleotide variant,missense variant,Uncertain significance,18-Aug-21,"criteria provided, single submitter",,,,,,
NM_000454.5(SOD1):c.26T>A (p.Leu9Gln),SOD1|SOD1-DT,L9Q,Amyotrophic lateral sclerosis type 1,VCV002138373,21,33032108,21,31659795,2138373,1868528,,NC_000021.9:31659794:T:A,single nucleotide variant,missense variant,Uncertain significance,30-Aug-22,"criteria provided, single submitter",,,,,,
NM_000454.5(SOD1):c.32G>C (p.Gly11Ala),SOD1|SOD1-DT,G11A,SOD1-related disorder,VCV003345429,21,33032114,21,31659801,3345429,3506403,,NC_000021.9:31659800:G:C,single nucleotide variant,non-coding transcript variant|missense variant,Pathogenic,28-Sep-24,no assertion criteria provided,,,,,,
NM_000454.5(SOD1):c.34G>T (p.Asp12Tyr),SOD1|SOD1-DT,D12Y,Amyotrophic lateral sclerosis type 1,VCV002690932,21,33032116,21,31659803,2690932,2851960,,NC_000021.9:31659802:G:T,single nucleotide variant,non-coding transcript variant|missense variant,Likely pathogenic,29-Jan-24,"criteria provided, single submitter",,,,,,
NM_000454.5(SOD1):c.37G>C (p.Gly13Arg),SOD1|SOD1-DT,G13R,Amyotrophic lateral sclerosis type 1,VCV000014780,21,33032119,21,31659806,14780,29819,rs121912456,NC_000021.9:31659805:G:C,single nucleotide variant,missense variant,Likely pathogenic,15-Dec-20,"criteria provided, single submitter",,,,,,
NM_000454.5(SOD1):c.43G>C (p.Val15Leu),SOD1|SOD1-DT,V15L,Amyotrophic lateral sclerosis type 1,VCV001514873,21,33032125,21,31659812,1514873,1482062,rs1568807400,NC_000021.9:31659811:G:C,single nucleotide variant,missense variant,Likely pathogenic,14-Feb-23,"criteria provided, multiple submitters, no conflicts",,,,,,
NM_000454.5(SOD1):c.43G>A (p.Val15Met),SOD1|SOD1-DT,V15M,Amyotrophic lateral sclerosis type 1,VCV000873322,21,33032125,21,31659812,873322,861428,rs1568807400,NC_000021.9:31659811:G:A,single nucleotide variant,missense variant,Pathogenic/Likely pathogenic,27-Jun-23,"criteria provided, multiple submitters, no conflicts",,,,,,
NM_000454.5(SOD1):c.44T>G (p.Val15Gly),SOD1|SOD1-DT,V15G,Amyotrophic lateral sclerosis type 1,VCV001500907,21,33032126,21,31659813,1500907,1501829,rs1202989817,NC_000021.9:31659812:T:G,single nucleotide variant,missense variant,Likely pathogenic,13-Aug-21,"criteria provided, single submitter",,,,,,
NM_000454.5(SOD1):c.49G>T (p.Gly17Cys),SOD1|SOD1-DT,G17C,Amyotrophic lateral sclerosis type 1,VCV001477719,21,33032131,21,31659818,1477719,1436598,rs121912453,NC_000021.9:31659817:G:T,single nucleotide variant,missense variant,Likely pathogenic,07-May-21,"criteria provided, single submitter",,,,,,
NM_000454.5(SOD1):c.49G>A (p.Gly17Ser),SOD1-DT|SOD1,G17S,Amyotrophic lateral sclerosis type 1,VCV000014776,21,33032131,21,31659818,14776,29815,rs121912453,NC_000021.9:31659817:G:A,single nucleotide variant,missense variant,Pathogenic,01-Jan-97,no assertion criteria provided,,,,,,
NM_000454.5(SOD1):c.50G>C (p.Gly17Ala),SOD1|SOD1-DT,G17A,not provided|Amyotrophic lateral sclerosis type 1,VCV000586638,21,33032132,21,31659819,586638,577881,rs1200906022,NC_000021.9:31659818:G:C,single nucleotide variant,missense variant,Pathogenic/Likely pathogenic,01-Apr-21,"criteria provided, multiple submitters, no conflicts",,,,,,
NM_000454.5(SOD1):c.55A>T (p.Ile19Phe),SOD1|SOD1-DT,I19F,Amyotrophic lateral sclerosis type 1,VCV002004638,21,33032137,21,31659824,2004638,2058704,,NC_000021.9:31659823:A:T,single nucleotide variant,missense variant,Uncertain significance,10-Jun-22,"criteria provided, single submitter",,,,,,
NM_000454.5(SOD1):c.56T>C (p.Ile19Thr),SOD1|SOD1-DT,I19T,Amyotrophic lateral sclerosis type 1,VCV000652612,21,33032138,21,31659825,652612,648885,rs1601153438,NC_000021.9:31659824:T:C,single nucleotide variant,missense variant,Uncertain significance,09-Dec-22,"criteria provided, single submitter",,,,,,
NM_000454.5(SOD1):c.59A>T (p.Asn20Ile),SOD1|SOD1-DT,N20I,Amyotrophic lateral sclerosis type 1,VCV002857833,21,33032141,21,31659828,2857833,3017880,,NC_000021.9:31659827:A:T,single nucleotide variant,non-coding transcript variant|missense variant,Uncertain significance,20-Apr-23,"criteria provided, single submitter",,,,,,
NM_000454.5(SOD1):c.59A>G (p.Asn20Ser),SOD1|SOD1-DT,N20S,Amyotrophic lateral sclerosis type 1|not specified,VCV000516816,21,33032141,21,31659828,516816,507475,rs768029813,NC_000021.9:31659827:A:G,single nucleotide variant,missense variant,Conflicting classifications of pathogenicity,13-Oct-23,"criteria provided, conflicting classifications",,,,,,
NM_000454.5(SOD1):c.62T>G (p.Phe21Cys),SOD1|SOD1-DT,F21C,Amyotrophic lateral sclerosis type 1,VCV001459352,21,33032144,21,31659831,1459352,1406479,rs1555836169,NC_000021.9:31659830:T:G,single nucleotide variant,missense variant,Pathogenic,18-Oct-23,"criteria provided, single submitter",,,,,,
NM_000454.5(SOD1):c.63C>G (p.Phe21Leu),SOD1|SOD1-DT,F21L,Amyotrophic lateral sclerosis type 1,VCV000859765,21,33032145,21,31659832,859765,848662,rs1555836170,NC_000021.9:31659831:C:G,single nucleotide variant,missense variant,Likely pathogenic,26-Sep-23,"criteria provided, single submitter",,,,,,
NM_000454.5(SOD1):c.64G>A (p.Glu22Lys),SOD1|SOD1-DT,E22K,Amyotrophic lateral sclerosis type 1,VCV000014773,21,33032146,21,31659833,14773,29812,rs121912450,NC_000021.9:31659832:G:A,single nucleotide variant,missense variant,Pathogenic,01-Apr-94,no assertion criteria provided,,,,,,
NM_000454.5(SOD1):c.68A>C (p.Gln23Pro),SOD1|SOD1-DT,Q23P,Amyotrophic lateral sclerosis type 1,VCV002866770,21,33032150,21,31659837,2866770,3020378,,NC_000021.9:31659836:A:C,single nucleotide variant,non-coding transcript variant|missense variant,Likely pathogenic,22-May-23,"criteria provided, single submitter",,,,,,
NM_000454.5(SOD1):c.68A>T (p.Gln23Leu),SOD1|SOD1-DT,Q23L,Amyotrophic lateral sclerosis type 1,VCV000873323,21,33032150,21,31659837,873323,861429,rs1169198442,NC_000021.9:31659836:A:T,single nucleotide variant,missense variant,Pathogenic/Likely pathogenic,08-Jan-24,"criteria provided, multiple submitters, no conflicts",,,,,,
NM_000454.5(SOD1):c.69G>C (p.Gln23His),SOD1|SOD1-DT,Q23H,SOD1-related disorder|Amyotrophic lateral sclerosis type 1|not provided,VCV001505077,21,33032151,21,31659838,1505077,1413946,rs1424217272,NC_000021.9:31659837:G:C,single nucleotide variant,missense variant,Conflicting classifications of pathogenicity,10-Apr-24,"criteria provided, conflicting classifications",,,,,,
NM_000454.5(SOD1):c.93G>C (p.Lys31Asn),SOD1,K31N,Amyotrophic lateral sclerosis type 1,VCV001396752,21,33036123,21,31663810,1396752,1414627,rs2123431867,NC_000021.9:31663809:G:C,single nucleotide variant,missense variant,Uncertain significance,15-Jun-22,"criteria provided, single submitter",,,,,,
NM_000454.5(SOD1):c.95T>C (p.Val32Ala),SOD1,V32A,"Spastic tetraplegia and axial hypotonia, progressive|not provided|Amyotrophic lateral sclerosis type 1",VCV000873196,21,33036125,21,31663812,873196,861430,rs1428716759,NC_000021.9:31663811:T:C,single nucleotide variant,missense variant,Conflicting classifications of pathogenicity,13-Oct-22,"criteria provided, conflicting classifications",,,,,,
NM_000454.5(SOD1):c.97T>C (p.Trp33Arg),SOD1,W33R,not provided,VCV000872802,21,33036127,21,31663814,872802,860679,rs2049569572,NC_000021.9:31663813:T:C,single nucleotide variant,missense variant,Uncertain significance,01-Aug-19,"criteria provided, single submitter",,,,,,
NM_000454.5(SOD1):c.106A>T (p.Ile36Phe),SOD1,I36F,not provided|Amyotrophic lateral sclerosis type 1,VCV000392404,21,33036136,21,31663823,392404,378476,rs1057524474,NC_000021.9:31663822:A:T,single nucleotide variant,missense variant,Uncertain significance,24-Dec-21,"criteria provided, multiple submitters, no conflicts",,,,,,
NM_000454.5(SOD1):c.112G>C (p.Gly38Arg),SOD1,G38R,Amyotrophic lateral sclerosis type 1,VCV000549678,21,33036142,21,31663829,549678,540470,rs121912431,NC_000021.9:31663828:G:C,single nucleotide variant,missense variant,Pathogenic,25-Dec-21,"criteria provided, multiple submitters, no conflicts",,,,,,
NM_000454.5(SOD1):c.112G>A (p.Gly38Arg),SOD1,G38R,Motor neuron disease|Amyotrophic lateral sclerosis type 1|not provided,VCV000014752,21,33036142,21,31663829,14752,29791,rs121912431,NC_000021.9:31663828:G:A,single nucleotide variant,missense variant,Pathogenic,22-Jun-22,"criteria provided, multiple submitters, no conflicts",,,,,,
NM_000454.5(SOD1):c.115C>G (p.Leu39Val),SOD1,L39V,Amyotrophic lateral sclerosis type 1|not provided,VCV000014753,21,33036145,21,31663832,14753,29792,rs121912432,NC_000021.9:31663831:C:G,single nucleotide variant,missense variant,Pathogenic/Likely pathogenic,08-Aug-23,"criteria provided, multiple submitters, no conflicts",,,,,,
NM_000454.5(SOD1):c.116T>A (p.Leu39Gln),SOD1,L39Q,Amyotrophic lateral sclerosis type 1,VCV002138374,21,33036146,21,31663833,2138374,1868529,,NC_000021.9:31663832:T:A,single nucleotide variant,missense variant,Likely pathogenic,20-Jun-23,"criteria provided, single submitter",,,,,,
NM_000454.5(SOD1):c.122A>G (p.Glu41Gly),SOD1,E41G,Amyotrophic lateral sclerosis type 1,VCV000575420,21,33036152,21,31663839,575420,571472,rs1568809149,NC_000021.9:31663838:A:G,single nucleotide variant,missense variant,Conflicting classifications of pathogenicity,31-Mar-20,"criteria provided, conflicting classifications",,,,,,
NM_000454.5(SOD1):c.124G>A (p.Gly42Ser),SOD1,G42S,"Spastic tetraplegia and axial hypotonia, progressive|Amyotrophic lateral sclerosis type 1|Amyotrophic lateral sclerosis type 1",VCV000014754,21,33036154,21,31663841,14754,29793,rs121912433,NC_000021.9:31663840:G:A,single nucleotide variant,missense variant,Pathogenic,20-Aug-22,"criteria provided, multiple submitters, no conflicts",,,,,,
NM_000454.5(SOD1):c.125G>A (p.Gly42Asp),SOD1,G42D,Amyotrophic lateral sclerosis type 1,VCV000014755,21,33036155,21,31663842,14755,29794,rs121912434,NC_000021.9:31663841:G:A,single nucleotide variant,missense variant,Pathogenic,24-Jul-23,"criteria provided, multiple submitters, no conflicts",,,,,,
NM_000454.5(SOD1):c.131A>G (p.His44Arg),SOD1,H44R,Amyotrophic lateral sclerosis type 10|Amyotrophic lateral sclerosis type 1|not provided,VCV000014756,21,33036161,21,31663848,14756,29795,rs121912435,NC_000021.9:31663847:A:G,single nucleotide variant,missense variant,Pathogenic,01-Oct-24,"criteria provided, multiple submitters, no conflicts",,,,,,
NM_000454.5(SOD1):c.137T>G (p.Phe46Cys),SOD1,F46C,Amyotrophic lateral sclerosis type 1,VCV000014781,21,33036167,21,31663854,14781,29820,rs121912457,NC_000021.9:31663853:T:G,single nucleotide variant,missense variant,Pathogenic,01-May-01,no assertion criteria provided,,,,,,
NM_000454.5(SOD1):c.140A>G (p.His47Arg),SOD1,H47R,not provided|Amyotrophic lateral sclerosis type 1|Amyotrophic lateral sclerosis,VCV000014764,21,33036170,21,31663857,14764,29803,rs121912443,NC_000021.9:31663856:A:G,single nucleotide variant,missense variant,Pathogenic,22-Jan-24,"criteria provided, multiple submitters, no conflicts",,,,,,
NM_000454.5(SOD1):c.142G>T (p.Val48Phe),SOD1,V48F,SOD1-related disorder,VCV003349795,21,33036172,21,31663859,3349795,3509023,,NC_000021.9:31663858:G:T,single nucleotide variant,missense variant,Likely pathogenic,08-Feb-24,no assertion criteria provided,,,,,,
NM_000454.5(SOD1):c.143T>C (p.Val48Ala),SOD1,V48A,Amyotrophic lateral sclerosis type 1,VCV001018905,21,33036173,21,31663860,1018905,1014278,rs1568809169,NC_000021.9:31663859:T:C,single nucleotide variant,missense variant,Likely pathogenic,11-Dec-23,"criteria provided, single submitter",,,,,,
NM_000454.5(SOD1):c.146A>G (p.His49Arg),SOD1,H49R,Amyotrophic lateral sclerosis type 1|not provided,VCV000807693,21,33036176,21,31663863,807693,798767,rs1568809172,NC_000021.9:31663862:A:G,single nucleotide variant,missense variant,Pathogenic/Likely pathogenic,01-Jan-24,"criteria provided, multiple submitters, no conflicts",,,,,,
NM_000454.5(SOD1):c.148G>A (p.Glu50Lys),SOD1,E50K,Amyotrophic lateral sclerosis type 1,VCV000658902,21,33036178,21,31663865,658902,648886,rs1568809178,NC_000021.9:31663864:G:A,single nucleotide variant,missense variant,Uncertain significance,12-Dec-23,"criteria provided, single submitter",,,,,,
NM_000454.5(SOD1):c.179G>A (p.Ser60Asn),SOD1,S60N,Amyotrophic lateral sclerosis type 1,VCV002918340,21,33038771,21,31666458,2918340,3080460,,NC_000021.9:31666457:G:A,single nucleotide variant,missense variant,Uncertain significance,23-Jun-23,"criteria provided, single submitter",,,,,,
NM_000454.5(SOD1):c.179G>T (p.Ser60Ile),SOD1,S60I,not provided,VCV001678021,21,33038771,21,31666458,1678021,1669711,rs1413388444,NC_000021.9:31666457:G:T,single nucleotide variant,missense variant,Uncertain significance,07-Mar-22,"criteria provided, single submitter",,,,,,
NM_000454.5(SOD1):c.193T>C (p.Phe65Leu),SOD1,F65L,Amyotrophic lateral sclerosis type 1|not provided,VCV001200656,21,33038785,21,31666472,1200656,1192292,rs1030039318,NC_000021.9:31666471:T:C,single nucleotide variant,missense variant,Conflicting classifications of pathogenicity,12-Sep-22,"criteria provided, conflicting classifications",,,,,,
NM_000454.5(SOD1):c.197A>G (p.Asn66Ser),SOD1,N66S,Amyotrophic lateral sclerosis type 1,VCV001709733,21,33038789,21,31666476,1709733,1708087,,NC_000021.9:31666475:A:G,single nucleotide variant,missense variant,Pathogenic/Likely pathogenic,15-Jan-24,"criteria provided, multiple submitters, no conflicts",,,,,,
NM_000454.5(SOD1):c.205T>C (p.Ser69Pro),SOD1,S69P,Amyotrophic lateral sclerosis type 1,VCV000873197,21,33038797,21,31666484,873197,861431,rs2049594204,NC_000021.9:31666483:T:C,single nucleotide variant,missense variant,Likely pathogenic,31-Mar-20,"criteria provided, single submitter",,,,,,
NM_000454.5(SOD1):c.208A>G (p.Arg70Gly),SOD1,R70G,Amyotrophic lateral sclerosis type 1,VCV001414851,21,33038800,21,31666487,1414851,1474465,rs1457291290,NC_000021.9:31666486:A:G,single nucleotide variant,missense variant,Uncertain significance,25-Nov-21,"criteria provided, single submitter",,,,,,
NM_000454.5(SOD1):c.214C>T (p.His72Tyr),SOD1,H72Y,Amyotrophic lateral sclerosis type 1,VCV000873198,21,33038806,21,31666493,873198,861432,rs2049594311,NC_000021.9:31666492:C:T,single nucleotide variant,missense variant,Likely pathogenic,31-Mar-20,"criteria provided, single submitter",,,,,,
NM_000454.5(SOD1):c.216C>G (p.His72Gln),SOD1,H72Q,Amyotrophic lateral sclerosis type 1,VCV001484236,21,33038808,21,31666495,1484236,1455166,rs368042695,NC_000021.9:31666494:C:G,single nucleotide variant,missense variant,Uncertain significance,15-Oct-21,"criteria provided, single submitter",,,,,,
NM_000454.5(SOD1):c.217G>A (p.Gly73Ser),SCAF4|SOD1,G73S,Amyotrophic lateral sclerosis type 1,VCV000014779,21,33038809,21,31666496,14779,29818,rs121912455,NC_000021.9:31666495:G:A,single nucleotide variant,missense variant,Likely pathogenic,20-Dec-24,"criteria provided, multiple submitters, no conflicts",,,,,,
NM_000454.5(SOD1):c.220G>A (p.Gly74Arg),SOD1,G74R,Amyotrophic lateral sclerosis type 1,VCV000536143,21,33038812,21,31666499,536143,534335,rs1555836720,NC_000021.9:31666498:G:A,single nucleotide variant,missense variant,Uncertain significance,06-Dec-17,"criteria provided, single submitter",,,,,,
NM_000454.5(SOD1):c.229G>T (p.Asp77Tyr),SOD1,D77Y,not provided|Amyotrophic lateral sclerosis type 1,VCV000805494,21,33038821,21,31666508,805494,793851,rs1601157750,NC_000021.9:31666507:G:T,single nucleotide variant,missense variant,Pathogenic/Likely pathogenic,02-Dec-21,"criteria provided, multiple submitters, no conflicts",,,,,,
NM_000454.5(SOD1):c.230A>T (p.Asp77Val),SOD1,D77V,Amyotrophic lateral sclerosis type 1,VCV001030809,21,33038822,21,31666509,1030809,1018731,rs1568810316,NC_000021.9:31666508:A:T,single nucleotide variant,missense variant,Pathogenic/Likely pathogenic,27-Nov-23,"criteria provided, multiple submitters, no conflicts",,,,,,
NM_000454.5(SOD1):c.241C>T (p.His81Tyr),SOD1,H81Y,Amyotrophic lateral sclerosis type 1,VCV002059610,21,33039572,21,31667259,2059610,2113600,,NC_000021.9:31667258:C:T,single nucleotide variant,missense variant,Likely pathogenic,08-May-22,"criteria provided, single submitter",,,,,,
NM_000454.5(SOD1):c.242A>G (p.His81Arg),SOD1,H81R,Amyotrophic lateral sclerosis type 1,VCV000014782,21,33039573,21,31667260,14782,29821,rs121912458,NC_000021.9:31667259:A:G,single nucleotide variant,missense variant,Pathogenic,05-Oct-20,"criteria provided, single submitter",,,,,,
NM_000454.5(SOD1):c.253T>G (p.Leu85Val),SOD1,L85V,Amyotrophic lateral sclerosis type 1,VCV000014775,21,33039584,21,31667271,14775,29814,rs121912452,NC_000021.9:31667270:T:G,single nucleotide variant,missense variant,Pathogenic,01-May-95,no assertion criteria provided,,,,,,
NM_000454.5(SOD1):c.255G>C (p.Leu85Phe),SOD1,L85F,Amyotrophic lateral sclerosis type 1,VCV000855744,21,33039586,21,31667273,855744,848663,rs1315541036,NC_000021.9:31667272:G:C,single nucleotide variant,missense variant,Pathogenic,13-May-22,"criteria provided, single submitter",,,,,,
NM_000454.5(SOD1):c.256G>A (p.Gly86Ser),SOD1,G86S,"Amyotrophic lateral sclerosis type 1|Spastic tetraplegia and axial hypotonia, progressive",VCV000932081,21,33039587,21,31667274,932081,919931,rs121912436,NC_000021.9:31667273:G:A,single nucleotide variant,missense variant,Pathogenic/Likely pathogenic,09-Nov-22,"criteria provided, multiple submitters, no conflicts",,,,,,
NM_000454.5(SOD1):c.256G>C (p.Gly86Arg),SOD1,G86R,Amyotrophic lateral sclerosis type 1,VCV000014758,21,33039587,21,31667274,14758,29797,rs121912436,NC_000021.9:31667273:G:C,single nucleotide variant,missense variant,Pathogenic,23-Aug-22,"criteria provided, single submitter",,,,,,
NM_000454.5(SOD1):c.260A>G (p.Asn87Ser),SOD1,N87S,Amyotrophic lateral sclerosis type 1,VCV000468253,21,33039591,21,31667278,468253,471562,rs11556620,NC_000021.9:31667277:A:G,single nucleotide variant,missense variant,Pathogenic,10-Jul-23,"criteria provided, multiple submitters, no conflicts",,,,,,
NM_000454.5(SOD1):c.262G>A (p.Val88Met),SOD1,V88M,Amyotrophic lateral sclerosis type 1,VCV000873199,21,33039593,21,31667280,873199,861433,rs1568810641,NC_000021.9:31667279:G:A,single nucleotide variant,missense variant,Likely pathogenic,09-May-22,"criteria provided, multiple submitters, no conflicts",,,,,,
NM_000454.5(SOD1):c.263T>C (p.Val88Ala),SOD1,V88A,not provided|Amyotrophic lateral sclerosis type 1,VCV000858432,21,33039594,21,31667281,858432,848664,rs1339283341,NC_000021.9:31667280:T:C,single nucleotide variant,missense variant,Likely pathogenic,30-Jun-22,"criteria provided, multiple submitters, no conflicts",,,,,,
NM_000454.5(SOD1):c.268G>A (p.Ala90Thr),SOD1,A90T,not provided|Amyotrophic lateral sclerosis type 1,VCV000567744,21,33039599,21,31667286,567744,575146,rs1568810660,NC_000021.9:31667285:G:A,single nucleotide variant,missense variant,Conflicting classifications of pathogenicity,06-Oct-23,"criteria provided, conflicting classifications",,,,,,
NM_000454.5(SOD1):c.269C>T (p.Ala90Val),SOD1,A90V,Amyotrophic lateral sclerosis type 1|not provided,VCV001191297,21,33039600,21,31667287,1191297,1181909,rs1280042397,NC_000021.9:31667286:C:T,single nucleotide variant,missense variant,Pathogenic/Likely pathogenic,30-Jan-24,"criteria provided, multiple submitters, no conflicts",,,,,,
NM_000454.5(SOD1):c.272A>T (p.Asp91Val),SCAF4|SOD1,D91V,Amyotrophic lateral sclerosis type 1,VCV001802147,21,33039603,21,31667290,1802147,1859337,,NC_000021.9:31667289:A:T,single nucleotide variant,missense variant,Pathogenic,07-Dec-22,"criteria provided, single submitter",,,,,,
NM_000454.5(SOD1):c.272A>C (p.Asp91Ala),SOD1,D91A,Amyotrophic lateral sclerosis|not provided|Amyotrophic lateral sclerosis type 1,VCV000014766,21,33039603,21,31667290,14766,29805,rs80265967,NC_000021.9:31667289:A:C,single nucleotide variant,missense variant,Conflicting classifications of pathogenicity,01-Apr-24,"criteria provided, conflicting classifications",,,,,,
NM_000454.5(SOD1):c.278A>T (p.Asp93Val),SOD1,D93V,Amyotrophic lateral sclerosis type 1,VCV002817285,21,33039609,21,31667296,2817285,2977096,,NC_000021.9:31667295:A:T,single nucleotide variant,missense variant,Uncertain significance,29-Nov-22,"criteria provided, single submitter",,,,,,
NM_000454.5(SOD1):c.280G>A (p.Gly94Ser),SOD1,G94S,Amyotrophic lateral sclerosis type 1,VCV002634277,21,33039611,21,31667298,2634277,2797416,,NC_000021.9:31667297:G:A,single nucleotide variant,missense variant,Pathogenic,28-Jun-23,"criteria provided, single submitter",,,,,,
NM_000454.5(SOD1):c.280G>C (p.Gly94Arg),SOD1,G94R,Amyotrophic lateral sclerosis type 1|Motor neuron disease,VCV000014784,21,33039611,21,31667298,14784,29823,rs121912437,NC_000021.9:31667297:G:C,single nucleotide variant,missense variant,Pathogenic/Likely pathogenic,18-Feb-22,"criteria provided, multiple submitters, no conflicts",,,,,,
NM_000454.5(SOD1):c.280G>T (p.Gly94Cys),SOD1,G94C,Amyotrophic lateral sclerosis type 1,VCV000014759,21,33039611,21,31667298,14759,29798,rs121912437,NC_000021.9:31667297:G:T,single nucleotide variant,missense variant,Pathogenic,22-Oct-23,"criteria provided, single submitter",,,,,,
NM_000454.5(SOD1):c.281G>A (p.Gly94Asp),SOD1,G94D,Amyotrophic lateral sclerosis type 1,VCV001072003,21,33039612,21,31667299,1072003,1064881,rs121912438,NC_000021.9:31667298:G:A,single nucleotide variant,missense variant,Pathogenic,23-Jun-23,"criteria provided, single submitter",,,,,,
NM_000454.5(SOD1):c.281G>C (p.Gly94Ala),SOD1,G94A,Amyotrophic lateral sclerosis type 1,VCV000014760,21,33039612,21,31667299,14760,29799,rs121912438,NC_000021.9:31667298:G:C,single nucleotide variant,missense variant,Pathogenic,28-Jun-22,"criteria provided, single submitter",,,,,,
NM_000454.5(SOD1):c.286G>A (p.Ala96Thr),SOD1,A96T,Amyotrophic lateral sclerosis type 1,VCV002197104,21,33039617,21,31667304,2197104,1930163,,NC_000021.9:31667303:G:A,single nucleotide variant,missense variant,Likely pathogenic,02-Jul-23,"criteria provided, single submitter",,,,,,
NM_000454.5(SOD1):c.287C>T (p.Ala96Val),SOD1,A96V,Amyotrophic lateral sclerosis type 1,VCV001430718,21,33039618,21,31667305,1430718,1471252,rs1568810690,NC_000021.9:31667304:C:T,single nucleotide variant,missense variant,Uncertain significance,06-May-23,"criteria provided, single submitter",,,,,,
NM_000454.5(SOD1):c.289G>A (p.Asp97Asn),SOD1,D97N,not provided,VCV000014783,21,33039620,21,31667307,14783,29822,rs121912459,NC_000021.9:31667306:G:A,single nucleotide variant,missense variant,Uncertain significance,20-Nov-18,"criteria provided, single submitter",,,,,,
NM_000454.5(SOD1):c.290A>T (p.Asp97Val),SOD1,D97V,Amyotrophic lateral sclerosis type 1,VCV000692200,21,33039621,21,31667308,692200,679942,rs1555836803,NC_000021.9:31667307:A:T,single nucleotide variant,missense variant,Likely pathogenic,20-Mar-14,"criteria provided, single submitter",,,,,,
NM_000454.5(SOD1):c.292G>C (p.Val98Leu),SOD1,V98L,Amyotrophic lateral sclerosis type 1,VCV002138375,21,33039623,21,31667310,2138375,1868530,,NC_000021.9:31667309:G:C,single nucleotide variant,missense variant,Uncertain significance,12-Oct-22,"criteria provided, single submitter",,,,,,
NM_000454.5(SOD1):c.301G>A (p.Glu101Lys),SOD1,E101K,not provided|Amyotrophic lateral sclerosis|Amyotrophic lateral sclerosis type 1,VCV000574319,21,33039632,21,31667319,574319,573721,rs76731700,NC_000021.9:31667318:G:A,single nucleotide variant,missense variant,Pathogenic/Likely pathogenic,18-Jan-24,"criteria provided, multiple submitters, no conflicts",,,,,,
NM_000454.5(SOD1):c.302A>G (p.Glu101Gly),SOD1,E101G,Motor neuron disease|not provided|Amyotrophic lateral sclerosis type 1,VCV000014761,21,33039633,21,31667320,14761,29800,rs121912439,NC_000021.9:31667319:A:G,single nucleotide variant,missense variant,Pathogenic,24-Jul-23,"criteria provided, multiple submitters, no conflicts",,,,,,
NM_000454.5(SOD1):c.304G>A (p.Asp102Asn),SOD1,D102N,Amyotrophic lateral sclerosis type 1,VCV002736984,21,33039635,21,31667322,2736984,2901681,,NC_000021.9:31667321:G:A,single nucleotide variant,missense variant,Pathogenic,08-Nov-23,"criteria provided, single submitter",,,,,,
NM_000454.5(SOD1):c.304G>C (p.Asp102His),SOD1,D102H,Amyotrophic lateral sclerosis type 1,VCV001066874,21,33039635,21,31667322,1066874,1056634,rs1568810715,NC_000021.9:31667321:G:C,single nucleotide variant,missense variant,Pathogenic,18-Jul-22,"criteria provided, single submitter",,,,,,
NM_000454.5(SOD1):c.313A>T (p.Ile105Phe),SOD1,I105F,Abnormal central motor function,VCV000014767,21,33039644,21,31667331,14767,29806,rs121912445,NC_000021.9:31667330:A:T,single nucleotide variant,missense variant,Likely pathogenic,10-Jul-21,"criteria provided, single submitter",,,,,,
NM_000454.5(SOD1):c.317C>T (p.Ser106Leu),SOD1,S106L,Amyotrophic lateral sclerosis type 1|Amyotrophic lateral sclerosis,VCV000695024,21,33039648,21,31667335,695024,683149,rs1378590183,NC_000021.9:31667334:C:T,single nucleotide variant,missense variant,Pathogenic,02-Jun-21,"criteria provided, multiple submitters, no conflicts",,,,,,
NM_000454.5(SOD1):c.319C>T (p.Leu107Phe),SOD1,L107F,Amyotrophic lateral sclerosis type 1,VCV000934816,21,33039650,21,31667337,934816,939068,rs121912440,NC_000021.9:31667336:C:T,single nucleotide variant,missense variant,Pathogenic,29-Nov-22,"criteria provided, single submitter",,,,,,
NM_000454.5(SOD1):c.319C>G (p.Leu107Val),SOD1,L107V,Amyotrophic lateral sclerosis type 1|not provided|SOD1-related disorder,VCV000014757,21,33039650,21,31667337,14757,29796,rs121912440,NC_000021.9:31667336:C:G,single nucleotide variant,missense variant,Pathogenic,01-Apr-24,"criteria provided, multiple submitters, no conflicts",,,,,,
NM_000454.5(SOD1):c.325G>C (p.Gly109Arg),SOD1,G109R,Amyotrophic lateral sclerosis type 1|not provided,VCV000586632,21,33039656,21,31667343,586632,577882,rs1568810758,NC_000021.9:31667342:G:C,single nucleotide variant,missense variant,Uncertain significance,03-Dec-21,"criteria provided, multiple submitters, no conflicts",,,,,,
NM_000454.5(SOD1):c.328G>T (p.Asp110Tyr),SOD1,D110Y,SOD1-related disorder|Amyotrophic lateral sclerosis type 1,VCV000899185,21,33039659,21,31667346,899185,886673,rs567432143,NC_000021.9:31667345:G:T,single nucleotide variant,missense variant,Uncertain significance,28-Aug-23,"criteria provided, multiple submitters, no conflicts",,,,,,
NM_000454.5(SOD1):c.331C>T (p.His111Tyr),SOD1,H111Y,Amyotrophic lateral sclerosis type 1,VCV000989369,21,33039662,21,31667349,989369,977296,rs2049603707,NC_000021.9:31667348:C:T,single nucleotide variant,missense variant,Uncertain significance,21-Aug-19,"criteria provided, single submitter",,,,,,
NM_000454.5(SOD1):c.335G>A (p.Cys112Tyr),SOD1,C112Y,Amyotrophic lateral sclerosis type 1,VCV002138376,21,33039666,21,31667353,2138376,1868531,,NC_000021.9:31667352:G:A,single nucleotide variant,missense variant,Pathogenic,23-Jan-22,"criteria provided, single submitter",,,,,,
NM_000454.5(SOD1):c.338T>C (p.Ile113Thr),SOD1,I113T,Amyotrophic lateral sclerosis type 1,VCV000014762,21,33039669,21,31667356,14762,29801,rs74315452,NC_000021.9:31667355:T:C,single nucleotide variant,missense variant,Pathogenic,17-Sep-21,"criteria provided, single submitter",,,,,,
NM_000454.5(SOD1):c.341T>C (p.Ile114Thr),SOD1,I114T,Motor neuron disease|not provided|Amyotrophic lateral sclerosis type 1,VCV000197145,21,33039672,21,31667359,197145,194306,rs121912441,NC_000021.9:31667358:T:C,single nucleotide variant,missense variant,Pathogenic/Likely pathogenic,09-Oct-24,"criteria provided, multiple submitters, no conflicts",,,,,,
NM_000454.5(SOD1):c.342T>G (p.Ile114Met),SOD1,I114M,Amyotrophic lateral sclerosis type 1,VCV002018599,21,33039673,21,31667360,2018599,2072682,,NC_000021.9:31667359:T:G,single nucleotide variant,missense variant,Likely pathogenic,13-Oct-23,"criteria provided, single submitter",,,,,,
NM_000454.5(SOD1):c.343G>A (p.Gly115Ser),SOD1,G115S,not provided,VCV000932453,21,33039674,21,31667361,932453,920983,rs2049604095,NC_000021.9:31667360:G:A,single nucleotide variant,missense variant,Likely pathogenic,01-Jun-20,"criteria provided, single submitter",,,,,,
NM_000454.5(SOD1):c.344G>C (p.Gly115Ala),SOD1,G115A,Amyotrophic lateral sclerosis type 1,VCV002138377,21,33039675,21,31667362,2138377,1868532,,NC_000021.9:31667361:G:C,single nucleotide variant,missense variant,Pathogenic,23-Aug-22,"criteria provided, single submitter",,,,,,
NM_000454.5(SOD1):c.346C>T (p.Arg116Cys),SOD1,R116C,not provided|Amyotrophic lateral sclerosis type 1,VCV001678083,21,33039677,21,31667364,1678083,1669773,rs1301635320,NC_000021.9:31667363:C:T,single nucleotide variant,missense variant,Conflicting classifications of pathogenicity,08-Apr-22,"criteria provided, conflicting classifications",,,,,,
NM_000454.5(SOD1):c.346C>G (p.Arg116Gly),SOD1,R116G,Amyotrophic lateral sclerosis type 1|not provided,VCV000805495,21,33039677,21,31667364,805495,793852,rs1301635320,NC_000021.9:31667363:C:G,single nucleotide variant,missense variant,Pathogenic/Likely pathogenic,27-Oct-22,"criteria provided, multiple submitters, no conflicts",,,,,,
NM_000454.5(SOD1):c.347G>A (p.Arg116His),SOD1,R116H,"Spastic tetraplegia and axial hypotonia, progressive|not provided|Amyotrophic lateral sclerosis type 1",VCV002442105,21,33039678,21,31667365,2442105,2415818,,NC_000021.9:31667364:G:A,single nucleotide variant,missense variant,Conflicting classifications of pathogenicity,11-May-23,"criteria provided, conflicting classifications",,,,,,
NM_000454.5(SOD1):c.352C>G (p.Leu118Val),SOD1,L118V,Amyotrophic lateral sclerosis type 1|not provided,VCV000809280,21,33039683,21,31667370,809280,798017,rs199474723,NC_000021.9:31667369:C:G,single nucleotide variant,missense variant,Conflicting classifications of pathogenicity,13-Nov-23,"criteria provided, conflicting classifications",,,,,,
NM_000454.5(SOD1):c.355G>C (p.Val119Leu),SOD1,V119L,not specified,VCV000448436,21,33039686,21,31667373,448436,442311,rs1235629842,NC_000021.9:31667372:G:C,single nucleotide variant,missense variant,Uncertain significance,26-Aug-16,"criteria provided, single submitter",,,,,,
NM_000454.5(SOD1):c.358G>C (p.Val120Leu),SOD1,V120L,See cases|Amyotrophic lateral sclerosis type 1,VCV001489352,21,33040784,21,31668471,1489352,1494958,rs1457889952,NC_000021.9:31668470:G:C,single nucleotide variant,missense variant,Pathogenic/Likely pathogenic,22-Apr-24,"criteria provided, multiple submitters, no conflicts",,,,,,
NM_000454.5(SOD1):c.362A>T (p.His121Leu),SOD1,H121L,not provided,VCV001693766,21,33040788,21,31668475,1693766,1686202,rs1410925719,NC_000021.9:31668474:A:T,single nucleotide variant,missense variant,Uncertain significance,30-Dec-21,"criteria provided, single submitter",,,,,,
NM_000454.5(SOD1):c.374A>G (p.Asp125Gly),SOD1,D125G,Amyotrophic lateral sclerosis type 1|not provided,VCV001212596,21,33040800,21,31668487,1212596,1202590,rs1568811366,NC_000021.9:31668486:A:G,single nucleotide variant,missense variant,Pathogenic/Likely pathogenic,04-Aug-23,"criteria provided, multiple submitters, no conflicts",,,,,,
NM_000454.5(SOD1):c.374A>T (p.Asp125Val),SOD1,D125V,not provided|Amyotrophic lateral sclerosis type 1,VCV001067619,21,33040800,21,31668487,1067619,1056635,rs1568811366,NC_000021.9:31668486:A:T,single nucleotide variant,missense variant,Pathogenic/Likely pathogenic,17-Oct-23,"criteria provided, multiple submitters, no conflicts",,,,,,
NM_000454.5(SOD1):c.374A>C (p.Asp125Ala),SOD1,D125A,not provided,VCV000586634,21,33040800,21,31668487,586634,577884,rs1568811366,NC_000021.9:31668486:A:C,single nucleotide variant,missense variant,Uncertain significance,14-Dec-17,"criteria provided, single submitter",,,,,,
NM_000454.5(SOD1):c.376G>C (p.Asp126His),SOD1,D126H,Amyotrophic lateral sclerosis type 1,VCV002138378,21,33040802,21,31668489,2138378,1868533,,NC_000021.9:31668488:G:C,single nucleotide variant,missense variant,Uncertain significance,11-Jul-22,"criteria provided, single submitter",,,,,,
NM_000454.5(SOD1):c.376G>T (p.Asp126Tyr),SOD1,D126Y,Amyotrophic lateral sclerosis type 1,VCV001708986,21,33040802,21,31668489,1708986,1707340,,NC_000021.9:31668488:G:T,single nucleotide variant,missense variant,Uncertain significance,12-Nov-21,"criteria provided, single submitter",,,,,,
NM_000454.5(SOD1):c.376G>A (p.Asp126Asn),SOD1,D126N,Amyotrophic lateral sclerosis type 1,VCV000873200,21,33040802,21,31668489,873200,861434,rs1568811372,NC_000021.9:31668488:G:A,single nucleotide variant,missense variant,Likely pathogenic,31-Mar-20,"criteria provided, single submitter",,,,,,
NM_000454.5(SOD1):c.377A>C (p.Asp126Ala),SOD1,D126A,Amyotrophic lateral sclerosis type 1,VCV000973542,21,33040803,21,31668490,973542,961894,rs1164911383,NC_000021.9:31668489:A:C,single nucleotide variant,missense variant,Likely pathogenic,,"criteria provided, single submitter",,,,,,
NM_000454.5(SOD1):c.380T>C (p.Leu127Ser),SOD1,L127S,Amyotrophic lateral sclerosis type 1,VCV002138379,21,33040806,21,31668493,2138379,1868534,,NC_000021.9:31668492:T:C,single nucleotide variant,missense variant,Pathogenic,15-Jun-22,"criteria provided, single submitter",,,,,,
NM_000454.5(SOD1):c.388G>C (p.Gly130Arg),SOD1,G130R,Amyotrophic lateral sclerosis type 1|not provided,VCV002727345,21,33040814,21,31668501,2727345,2882663,,NC_000021.9:31668500:G:C,single nucleotide variant,missense variant,Uncertain significance,25-May-23,"criteria provided, multiple submitters, no conflicts",,,,,,
NM_000454.5(SOD1):c.396T>G (p.Asn132Lys),SOD1,N132K,Amyotrophic lateral sclerosis type 1,VCV001064422,21,33040822,21,31668509,1064422,1052613,rs1027128618,NC_000021.9:31668508:T:G,single nucleotide variant,missense variant,Likely pathogenic,09-Apr-21,"criteria provided, single submitter",,,,,,
NM_000454.5(SOD1):c.400G>A (p.Glu134Lys),SOD1,E134K,Amyotrophic lateral sclerosis type 1,VCV000873201,21,33040826,21,31668513,873201,861435,rs2049618449,NC_000021.9:31668512:G:A,single nucleotide variant,missense variant,Likely pathogenic,31-Mar-20,"criteria provided, single submitter",,,,,,
NM_000454.5(SOD1):c.401A>T (p.Glu134Val),SOD1,E134V,Amyotrophic lateral sclerosis type 1,VCV002138381,21,33040827,21,31668514,2138381,1868536,,NC_000021.9:31668513:A:T,single nucleotide variant,missense variant,Uncertain significance,23-Feb-22,"criteria provided, single submitter",,,,,,
NM_000454.5(SOD1):c.401A>G (p.Glu134Gly),SOD1,E134G,Amyotrophic lateral sclerosis type 1,VCV002138380,21,33040827,21,31668514,2138380,1868535,,NC_000021.9:31668513:A:G,single nucleotide variant,missense variant,Pathogenic,27-Jul-22,"criteria provided, single submitter",,,,,,
NM_000454.5(SOD1):c.401A>C (p.Glu134Ala),SOD1,E134A,Amyotrophic lateral sclerosis type 1|not provided,VCV001807417,21,33040827,21,31668514,1807417,1864421,,NC_000021.9:31668513:A:C,single nucleotide variant,missense variant,Conflicting classifications of pathogenicity,30-Apr-23,"criteria provided, conflicting classifications",,,,,,
NM_000454.5(SOD1):c.404G>A (p.Ser135Asn),SOD1,S135N,Amyotrophic lateral sclerosis type 1,VCV000014774,21,33040830,21,31668517,14774,29813,rs121912451,NC_000021.9:31668516:G:A,single nucleotide variant,missense variant,Pathogenic,01-Jan-97,no assertion criteria provided,,,,,,
NM_000454.5(SOD1):c.412A>G (p.Thr138Ala),SOD1,T138A,not provided|Amyotrophic lateral sclerosis type 1,VCV000873202,21,33040838,21,31668525,873202,861436,rs1568811445,NC_000021.9:31668524:A:G,single nucleotide variant,missense variant,Conflicting classifications of pathogenicity,08-Sep-21,"criteria provided, conflicting classifications",,,,,,
NM_000454.5(SOD1):c.413C>T (p.Thr138Ile),SOD1,T138I,Amyotrophic lateral sclerosis type 1|not provided,VCV001163753,21,33040839,21,31668526,1163753,1152912,rs1568811454,NC_000021.9:31668525:C:T,single nucleotide variant,missense variant,Conflicting classifications of pathogenicity,17-Jul-22,"criteria provided, conflicting classifications",,,,,,
NM_000454.5(SOD1):c.416G>T (p.Gly139Val),SOD1,G139V,Amyotrophic lateral sclerosis type 1,VCV002093561,21,33040842,21,31668529,2093561,2152765,,NC_000021.9:31668528:G:T,single nucleotide variant,missense variant,Uncertain significance,05-Feb-22,"criteria provided, single submitter",,,,,,
NM_000454.5(SOD1):c.416G>A (p.Gly139Glu),SOD1,G139E,Amyotrophic lateral sclerosis type 1,VCV000649792,21,33040842,21,31668529,649792,648887,rs1568811464,NC_000021.9:31668528:G:A,single nucleotide variant,missense variant,Uncertain significance,25-Aug-18,"criteria provided, single submitter",,,,,,
NM_000454.5(SOD1):c.420C>A (p.Asn140Lys),SOD1,N140K,Amyotrophic lateral sclerosis type 1|not provided,VCV000586635,21,33040846,21,31668533,586635,577885,rs1804449,NC_000021.9:31668532:C:A,single nucleotide variant,missense variant,Pathogenic,15-Jan-24,"criteria provided, multiple submitters, no conflicts",,,,,,
NM_000454.5(SOD1):c.421G>C (p.Ala141Pro),SOD1,A141P,SOD1-related disorder,VCV003348117,21,33040847,21,31668534,3348117,3507347,,NC_000021.9:31668533:G:C,single nucleotide variant,missense variant,Uncertain significance,26-Jan-24,no assertion criteria provided,,,,,,
NM_000454.5(SOD1):c.422C>G (p.Ala141Gly),SOD1,A141G,Amyotrophic lateral sclerosis type 1|not provided,VCV000586636,21,33040848,21,31668535,586636,577886,rs1555836937,NC_000021.9:31668534:C:G,single nucleotide variant,missense variant,Uncertain significance,20-Jun-22,"criteria provided, multiple submitters, no conflicts",,,,,,
NM_000454.5(SOD1):c.425G>C (p.Gly142Ala),SOD1,G142A,not provided|Amyotrophic lateral sclerosis type 1,VCV002436219,21,33040851,21,31668538,2436219,2408839,,NC_000021.9:31668537:G:C,single nucleotide variant,missense variant,Conflicting classifications of pathogenicity,24-Oct-23,"criteria provided, conflicting classifications",,,,,,
NM_000454.5(SOD1):c.425G>T (p.Gly142Val),SOD1,G142V,Amyotrophic lateral sclerosis type 1,VCV002000951,21,33040851,21,31668538,2000951,2061455,,NC_000021.9:31668537:G:T,single nucleotide variant,missense variant,Likely pathogenic,06-Jul-22,"criteria provided, single submitter",,,,,,
NM_000454.5(SOD1):c.434T>C (p.Leu145Ser),SOD1,L145S,Abnormal central motor function|not provided|Amyotrophic lateral sclerosis type 1,VCV000014768,21,33040860,21,31668547,14768,29807,rs121912446,NC_000021.9:31668546:T:C,single nucleotide variant,missense variant,Pathogenic,01-Jun-24,"criteria provided, multiple submitters, no conflicts",,,,,,
NM_000454.5(SOD1):c.435G>T (p.Leu145Phe),SOD1,L145F,Amyotrophic lateral sclerosis type 1,VCV000873203,21,33040861,21,31668548,873203,861437,rs1482760341,NC_000021.9:31668547:G:T,single nucleotide variant,missense variant,Pathogenic,31-Mar-20,"criteria provided, single submitter",,,,,,
NM_000454.5(SOD1):c.435G>C (p.Leu145Phe),SOD1,L145F,not provided|Amyotrophic lateral sclerosis type 1,VCV000586637,21,33040861,21,31668548,586637,577887,rs1482760341,NC_000021.9:31668547:G:C,single nucleotide variant,missense variant,Pathogenic,01-Feb-24,"criteria provided, multiple submitters, no conflicts",,,,,,
NM_000454.5(SOD1):c.436G>A (p.Ala146Thr),SOD1,A146T,Amyotrophic lateral sclerosis type 1,VCV000014769,21,33040862,21,31668549,14769,29808,rs121912447,NC_000021.9:31668548:G:A,single nucleotide variant,missense variant,Likely pathogenic,07-Sep-22,"criteria provided, single submitter",,,,,,
NM_000454.5(SOD1):c.437C>T (p.Ala146Val),SOD1,A146V,Amyotrophic lateral sclerosis type 1,VCV001475411,21,33040863,21,31668550,1475411,1400442,rs1131690781,NC_000021.9:31668549:C:T,single nucleotide variant,missense variant,Likely pathogenic,27-May-22,"criteria provided, single submitter",,,,,,
NM_000454.5(SOD1):c.437C>A (p.Ala146Asp),SOD1,A146D,Motor neuron disease,VCV000266063,21,33040863,21,31668550,266063,260895,rs1131690781,NC_000021.9:31668549:C:A,single nucleotide variant,missense variant,Likely pathogenic,31-Aug-16,"criteria provided, single submitter",,,,,,
NM_000454.5(SOD1):c.439T>C (p.Cys147Arg),SOD1,C147R,Amyotrophic lateral sclerosis type 1,VCV002138382,21,33040865,21,31668552,2138382,1868537,,NC_000021.9:31668551:T:C,single nucleotide variant,missense variant,Likely pathogenic,12-May-22,"criteria provided, single submitter",,,,,,
NM_000454.5(SOD1):c.442G>T (p.Gly148Cys),SOD1,G148C,not provided,VCV002652587,21,33040868,21,31668555,2652587,2824673,,NC_000021.9:31668554:G:T,single nucleotide variant,missense variant,Likely pathogenic,01-Oct-23,"criteria provided, single submitter",,,,,,
NM_000454.5(SOD1):c.443G>A (p.Gly148Asp),SOD1,G148D,Amyotrophic lateral sclerosis type 1|not provided,VCV000536142,21,33040869,21,31668556,536142,533771,rs1555836950,NC_000021.9:31668555:G:A,single nucleotide variant,missense variant,Pathogenic/Likely pathogenic,04-Jan-24,"criteria provided, multiple submitters, no conflicts",,,,,,
NM_000454.5(SOD1):c.445G>A (p.Val149Ile),SOD1,V149I,Amyotrophic lateral sclerosis type 1|not provided,VCV001711542,21,33040871,21,31668558,1711542,1709958,,NC_000021.9:31668557:G:A,single nucleotide variant,missense variant,Likely pathogenic,14-Feb-23,"criteria provided, multiple submitters, no conflicts",,,,,,
NM_000454.5(SOD1):c.446T>G (p.Val149Gly),SOD1,V149G,not provided|Amyotrophic lateral sclerosis type 1,VCV000873204,21,33040872,21,31668559,873204,861438,rs1476760624,NC_000021.9:31668558:T:G,single nucleotide variant,missense variant,Pathogenic/Likely pathogenic,09-Oct-23,"criteria provided, multiple submitters, no conflicts",,,,,,
NM_000454.5(SOD1):c.448A>G (p.Ile150Val),SOD1,I150V,Amyotrophic lateral sclerosis type 1,VCV001061106,21,33040874,21,31668561,1061106,1051837,rs1169917994,NC_000021.9:31668560:A:G,single nucleotide variant,missense variant,Uncertain significance,13-Mar-23,"criteria provided, single submitter",,,,,,
NM_000454.5(SOD1):c.449T>G (p.Ile150Ser),SOD1,I150S,Amyotrophic lateral sclerosis type 1,VCV003068571,21,33040875,21,31668562,3068571,3227898,,NC_000021.9:31668561:T:G,single nucleotide variant,missense variant,Likely pathogenic,11-Apr-23,"criteria provided, single submitter",,,,,,
NM_000454.5(SOD1):c.449T>A (p.Ile150Asn),SOD1,I150N,Amyotrophic lateral sclerosis type 1,VCV001685450,21,33040875,21,31668562,1685450,1677468,rs1424014997,NC_000021.9:31668561:T:A,single nucleotide variant,missense variant,Likely pathogenic,04-May-22,"criteria provided, single submitter",,,,,,
NM_000454.5(SOD1):c.449T>C (p.Ile150Thr),SOD1,I150T,not provided|Amyotrophic lateral sclerosis type 1,VCV001455194,21,33040875,21,31668562,1455194,1441680,rs1424014997,NC_000021.9:31668561:T:C,single nucleotide variant,missense variant,Pathogenic/Likely pathogenic,08-Feb-22,"criteria provided, multiple submitters, no conflicts",,,,,,
NM_000454.5(SOD1):c.450T>G (p.Ile150Met),SOD1,I150M,Amyotrophic lateral sclerosis,VCV001343332,21,33040876,21,31668563,1343332,1334976,rs2123437030,NC_000021.9:31668562:T:G,single nucleotide variant,missense variant,Likely pathogenic,01-Jan-22,"criteria provided, single submitter",,,,,,
NM_000454.5(SOD1):c.455T>G (p.Ile152Ser),SOD1,I152S,Amyotrophic lateral sclerosis type 1,VCV001002443,21,33040881,21,31668568,1002443,999138,rs121912449,NC_000021.9:31668567:T:G,single nucleotide variant,missense variant,Uncertain significance,29-Sep-22,"criteria provided, single submitter",,,,,,
NM_000454.5(SOD1):c.455T>C (p.Ile152Thr),SOD1,I152T,Amyotrophic lateral sclerosis type 1,VCV000014772,21,33040881,21,31668568,14772,29811,rs121912449,NC_000021.9:31668567:T:C,single nucleotide variant,missense variant,Pathogenic,01-Jul-96,no assertion criteria provided,,,,,,
NM_000454.5(SOD1):c.457G>A (p.Ala153Thr),SOD1,A153T,not provided|Amyotrophic lateral sclerosis type 1,VCV000899187,21,33040883,21,31668570,899187,886675,rs747094021,NC_000021.9:31668569:G:A,single nucleotide variant,missense variant,Uncertain significance,26-May-23,"criteria provided, multiple submitters, no conflicts",,,,,,
NM_000454.5(SOD1):c.142G>A (p.Val48Ile),SOD1,V48I,not provided,VCV003359787,,,,,3359787,3518998,,,single nucleotide variant,missense variant,Uncertain significance,13-Jun-23,"criteria provided, single submitter",,,,,,